{"cameraMode":{"drawMode":0,"name":"Shaded","section":"Shading Mode"},"sceneLighting":true,"audioPlay":false,"sceneViewState":{"showFog":true,"showMaterialUpdate":false,"showSkybox":true,"showFlares":true,"showImageEffects":true,"showParticleSystems":true},"in2DMode":false,"pivot":{"x":-2.764407157897949,"y":-4.001285552978516,"z":5.886420249938965},"rotation":{"x":-0.443121999502182,"y":-0.22880809009075166,"z":0.11807265132665634,"w":-0.8586952090263367},"size":21.36258888244629,"orthographic":false}