{"cameraMode":{"drawMode":0,"name":"Shaded","section":"Shading Mode"},"sceneLighting":true,"audioPlay":false,"sceneViewState":{"showFog":true,"showMaterialUpdate":false,"showSkybox":true,"showFlares":true,"showImageEffects":true,"showParticleSystems":true},"in2DMode":false,"pivot":{"x":3.9502806663513185,"y":2.321246385574341,"z":-1.2367408275604249},"rotation":{"x":0.41578301787376406,"y":-0.29575639963150027,"z":0.1450626105070114,"w":0.8477115631103516},"size":12.189684867858887,"orthographic":false}