{"count":1,"self":114.65256959999999,"total":116.8628188,"children":{"AgentResetIfDone":{"count":5616,"self":0.1307197,"total":0.1307197,"children":null},"AgentSendState":{"count":5616,"self":0.0680583,"total":0.18977829999999998,"children":{"CollectObservations":{"count":562,"self":0.12172,"total":0.12172,"children":null}}},"DecideAction":{"count":5616,"self":1.7092748,"total":1.7092747,"children":null},"AcademyStep":{"count":5616,"self":0.0168777,"total":0.0168777,"children":null},"AgentAct":{"count":5616,"self":0.1616077,"total":0.1616077,"children":null}}}