{"count":1,"self":231.14303999999998,"total":234.4494608,"children":{"AgentResetIfDone":{"count":11546,"self":0.161886,"total":0.161886,"children":null},"AgentSendState":{"count":11546,"self":0.0778521,"total":0.18984589999999998,"children":{"CollectObservations":{"count":1155,"self":0.11199379999999999,"total":0.11199379999999999,"children":null}}},"DecideAction":{"count":11546,"self":2.689148,"total":2.6891480999999997,"children":null},"AcademyStep":{"count":11546,"self":0.0450236,"total":0.0450236,"children":null},"AgentAct":{"count":11546,"self":0.21951179999999998,"total":0.21951179999999998,"children":null}}}