{"count":1,"self":42.632368,"total":43.1693813,"children":{"AgentResetIfDone":{"count":1813,"self":0.031192599999999997,"total":0.031192599999999997,"children":null},"AgentSendState":{"count":1813,"self":0.0248771,"total":0.027789099999999997,"children":{"CollectObservations":{"count":182,"self":0.0029119999999999997,"total":0.0029119999999999997,"children":null}}},"DecideAction":{"count":1813,"self":0.4256353,"total":0.4256353,"children":null},"AcademyStep":{"count":1813,"self":0.0161485,"total":0.0161485,"children":null},"AgentAct":{"count":1813,"self":0.0352489,"total":0.0352489,"children":null}}}