{"count":1,"self":48.659327999999995,"total":49.520740599999996,"children":{"AgentResetIfDone":{"count":2357,"self":0.0508879,"total":0.0508879,"children":null},"AgentSendState":{"count":2357,"self":0.0249324,"total":0.058034699999999995,"children":{"CollectObservations":{"count":236,"self":0.0331023,"total":0.0331023,"children":null}}},"DecideAction":{"count":2357,"self":0.6695196,"total":0.6695196,"children":null},"AcademyStep":{"count":2357,"self":0.0172409,"total":0.0172409,"children":null},"AgentAct":{"count":2357,"self":0.0627354,"total":0.0627354,"children":null}}}